<?xml version="1.0" encoding="UTF-8"?>
<project-private xmlns="http://www.netbeans.org/ns/project-private/1">
    <editor-bookmarks xmlns="http://www.netbeans.org/ns/editor-bookmarks/2" lastBookmarkId="0"/>
    <open-files xmlns="http://www.netbeans.org/ns/projectui-open-files/2">
        <group>
            <file>file:/C:/Users/Ernest/Documents/NetBeansProjects/Actividad4_2/src/clases/Jugadores.java</file>
            <file>file:/C:/Users/Ernest/Documents/NetBeansProjects/Actividad4_2/src/clases/Paises.java</file>
            <file>file:/C:/Users/Ernest/Documents/NetBeansProjects/Actividad4_2/src/clases/Actividad2.java</file>
            <file>file:/C:/Users/Ernest/Documents/NetBeansProjects/Actividad4_2/src/clases/Actividad1.java</file>
            <file>file:/C:/Users/Ernest/Documents/NetBeansProjects/Actividad4_2/src/clases/Neodatis.java</file>
        </group>
    </open-files>
</project-private>
